{
  "project_info": {
    "project_number": "735698970205",
    "firebase_url": "https://flutterapp-98ef3-default-rtdb.firebaseio.com",
    "project_id": "flutterapp-98ef3",
    "storage_bucket": "flutterapp-98ef3.appspot.com"
  },
  "client": [
    {
      "client_info": {
        "mobilesdk_app_id": "1:735698970205:android:7682ffb08d1a48e3e1cfb4",
        "android_client_info": {
          "package_name": "com.thatproject.androidbluetoothserialapp"
        }
      },
      "oauth_client": [
        {
          "client_id": "735698970205-qr75gjgj89d34pgpua3u9f89qehmk9fm.apps.googleusercontent.com",
          "client_type": 1,
          "android_info": {
            "package_name": "com.thatproject.androidbluetoothserialapp",
            "certificate_hash": "9bbb3186b2189ef16d8f272bdab59362c395cbb4"
          }
        },
        {
          "client_id": "735698970205-ckf7lbtnr20j1lpgg9imb61gel5il4c8.apps.googleusercontent.com",
          "client_type": 3
        }
      ],
      "api_key": [
        {
          "current_key": "AIzaSyBQ-seRbo_nwoCeGJth08BY6gXIPYD1kJU"
        }
      ],
      "services": {
        "appinvite_service": {
          "other_platform_oauth_client": [
            {
              "client_id": "735698970205-ckf7lbtnr20j1lpgg9imb61gel5il4c8.apps.googleusercontent.com",
              "client_type": 3
            },
            {
              "client_id": "735698970205-jvsmj3un6p7bhee7paabtocgt6ueh0pm.apps.googleusercontent.com",
              "client_type": 2,
              "ios_info": {
                "bundle_id": "health.ai"
              }
            }
          ]
        }
      }
    },
    {
      "client_info": {
        "mobilesdk_app_id": "1:735698970205:android:208683e681d81c58e1cfb4",
        "android_client_info": {
          "package_name": "health.ai"
        }
      },
      "oauth_client": [
        {
          "client_id": "735698970205-ckf7lbtnr20j1lpgg9imb61gel5il4c8.apps.googleusercontent.com",
          "client_type": 3
        }
      ],
      "api_key": [
        {
          "current_key": "AIzaSyBQ-seRbo_nwoCeGJth08BY6gXIPYD1kJU"
        }
      ],
      "services": {
        "appinvite_service": {
          "other_platform_oauth_client": [
            {
              "client_id": "735698970205-ckf7lbtnr20j1lpgg9imb61gel5il4c8.apps.googleusercontent.com",
              "client_type": 3
            },
            {
              "client_id": "735698970205-jvsmj3un6p7bhee7paabtocgt6ueh0pm.apps.googleusercontent.com",
              "client_type": 2,
              "ios_info": {
                "bundle_id": "health.ai"
              }
            }
          ]
        }
      }
    }
  ],
  "configuration_version": "1"
}